time,FGERAFK5,VcLLHEK6,LcAIPNLR7,QTALAELVK8,EKALVSSVR9,AFKAWAVAR10,ccSGSLVER11,KQTALAELVK12,LATDLTKVNK13,LVQEVTDFAK14,cSSMQKFGER15,cSSMQKFGER16,YNDLGEQHFK17,YNDLGEQHFK18,kQTALAELVK19,kQTALAELVK20,LAKKYEATLEK21,LAKKYEATLEK22,HPDYSVSLLLR23,HPDYSVSLLLR24,KQTALAELVKHK25,LQTccDKPLLK26,LQTccDKPLLK27,YMcENQATISSK28,APQVSTPTLVEAAR29,APQVSTPTLVEAAR30,TcVADESAANcDK31,YmcENQATISSK32,RHPDYSVSLLLR33,RHPDYSVSLLLR34,ENYGELADccTK35,QTALAELVKHKPK36,QTALAELVKHKPK37,QIKKQTALAELVK38,QIKKQTALAELVK39,LGEYGFQNAILVR40,LGEYGFQNAILVR41,GLVLIAFSQYLQK42,MKcSSMQKFGER43,MKcSSMQKFGER44,NLVKTNcDLYEK45,NLVKTNcDLYEK46,LDGVKEKALVSSVR47,LDGVKEKALVSSVR48,LQTccDKPLLKK49,LQTccDKPLLKK50,mKcSSMQKFGER51,mKcSSMQKFGER52,FGERAFKAWAVAR53,FGERAFKAWAVAR54,VGTKccTLPEDQR55,VGTKccTLPEDQR56,KQTALAELVKHKPK57,KQTALAELVKHKPK58,KQTALAELVKHKPK59,DTcFSTEGPNLVTR60,DVFLGTFLYEYSR61,LSQTFPNADFAEITK62,RHPDYSVSLLLRLAK63,RHPDYSVSLLLRLAK64,QRMKcSSMQKFGER65,TVMDDFAQFLDTccK66,TVMDDFAQFLDTccK67,TVmDDFAQFLDTccK68,TVmDDFAQFLDTccK69,VcLLHEKTPVSEHVTK70,VcLLHEKTPVSEHVTK71,APQVSTPTLVEAARNLGR72,RPcFSALTVDETYVPK73,RPcFSALTVDETYVPK74,ENPTTFMGHYLHEVAR75,ENPTTFMGHYLHEVAR76,AELAKYMcENQATISSK77,SLHTLFGDKLcAIPNLR78,SLHTLFGDKLcAIPNLR79,YTQKAPQVSTPTLVEAAR80,YTQKAPQVSTPTLVEAAR81,YTQKAPQVSTPTLVEAAR82,AADKDTcFSTEGPNLVTR83,AADKDTcFSTEGPNLVTR84,AADKDTcFSTEGPNLVTR85,LGEYGFQNAILVRYTQK86,TPVSEHVTKccSGSLVER87,TPVSEHVTKccSGSLVER88,TPVSEHVTKccSGSLVER89,VNKEccHGDLLEcADDR90,cSYDEHAKLVQEVTDFAK91,cSYDEHAKLVQEVTDFAK92,cSYDEHAKLVQEVTDFAK93,QTALAELVKHKPKATAEQLK94,EccHGDLLEcADDRAELAK95,EccHGDLLEcADDRAELAK96,AADKDTcFSTEGPNLVTRcK97,AADKDTcFSTEGPNLVTRcK98,RPcFSALTVDETYVPKEFK99,RPcFSALTVDETYVPKEFK100,YTQKAPQVSTPTLVEAARNLGR101,LSQTFPNADFAEITKLATDLTK102,TcVADESAANcDKSLHTLFGDK103,TcVADESAANcDKSLHTLFGDK104,GLVLIAFSQYLQKcSYDEHAK105,TNcDLYEKLGEYGFQNAILVR106,TNcDLYEKLGEYGFQNAILVR107
0,0.40940324,0.395276264,0.443688897,0.417454707,0.397792103,0.453973198,0.442644034,0.456702761,0.429322316,0.474775074,0.496859657,0.492866184,0.501874309,0.501745565,0.476762798,0.48362805,0.515446209,0.516499029,0.492571153,0.524679543,0.524864905,0.549516879,0.5528542,0.558555013,0.555950042,0.542585569,0.562586294,0.559132915,0.544946923,0.556612508,0.536023951,0.556396182,0.560705455,0.557062566,0.559126934,0.558911837,0.565579655,0.572066693,0.58521112,0.582926489,0.564404412,0.560320256,0.558919978,0.559437045,0.584654393,0.583783997,0.592780234,0.585250144,0.582529756,0.588079616,0.578712937,0.582239876,0.584632682,0.593275215,0.59127774,0.574332797,0.588090307,0.606920412,0.621493785,0.619009266,0.634740016,0.649964769,0.666057205,0.662852726,0.683289919,0.648237993,0.651890147,0.635031701,0.658132001,0.655726294,0.65087546,0.659408112,0.693805132,0.671459315,0.672767735,0.654457998,0.653068468,0.651739075,0.655195435,0.631809558,0.656265837,0.67470451,0.678448621,0.671737393,0.672918065,0.676801366,0.676102109,0.690245057,0.687715425,0.701378662,0.700225657,0.702819019,0.707321773,0.711003713,0.72025307,0.723677608,0.720198482,0.720994177,0.727204674,0.730631569,0.752908212,0.749150134,0.737804896
0,0.415246894,0.400394809,0.469303791,0.416063812,0.394663853,0.453253119,0.441765457,0.458404592,0.437153634,0.476205974,0.494424327,0.497198069,0.4999904,0.499219719,0.479794946,0.486830974,0.517132212,0.515228265,0.503589757,0.529013094,0.536441632,0.553901464,0.551609553,0.5576036,0.549473761,0.543753835,0.559942321,0.554260322,0.553080649,0.556440418,0.527777586,0.554401867,0.558717553,0.556192735,0.556555612,0.563053946,0.565213893,0.605297247,0.587152351,0.586079804,0.560086101,0.567264774,0.550951307,0.559907038,0.579960864,0.582925968,0.600185687,0.575927,0.576331433,0.590801828,0.578020402,0.579922701,0.587093125,0.590687238,0.584829247,0.583308655,0.592664131,0.608029467,0.616045164,0.616075062,0.628404756,0.655841153,0.671878846,0.668877753,0.665528393,0.640961642,0.646646798,0.635797609,0.655153854,0.658316406,0.65311507,0.659554537,0.677568281,0.672902087,0.671547595,0.652541107,0.659132083,0.655310305,0.65908812,0.634252732,0.656266842,0.679524105,0.672542266,0.669767832,0.67082309,0.682232126,0.69341356,0.690728899,0.692142509,0.693585641,0.691003555,0.709127694,0.705314755,0.706137897,0.727135014,0.728306605,0.71900833,0.707635559,0.726997246,0.72161331,0.753291626,0.744379145,0.750383579
8,0.44051009,0.419811298,0.423777705,0.448644841,0.429292516,0.481738138,0.466690815,0.490734089,0.44804408,0.503647124,0.519954085,0.507878417,0.523762869,0.522124814,0.476652127,0.502913579,0.546301534,0.547682489,0.532212215,0.539980378,0.548246123,0.571251381,0.570325591,0.583170764,0.563813997,0.572091952,0.47507559,0.586988403,0.570017586,0.577904506,0.561896208,0.581559929,0.586729525,0.581619153,0.586249286,0.593780555,0.592061103,0.620441578,0.605322745,0.600638378,0.581701603,0.582299592,0.586490547,0.585236008,0.596755405,0.601058368,0.60006651,0.600742743,0.607661063,0.619409551,0.601990491,0.599208358,0.607189308,0.617047594,0.61433037,0.600541258,0.590811832,0.631886052,0.644656767,0.633306925,0.654922367,0.681186687,0.686399159,0.681368288,0.666780465,0.668774046,0.667473424,0.658250491,0.666068517,0.67728389,0.676453593,0.671582645,0.645169526,0.686587649,0.687961357,0.673792818,0.680193948,0.675436143,0.67854413,0.669139577,0.677869072,0.700236294,0.691045578,0.68827742,0.691908486,0.697214046,0.702421297,0.709328535,0.706758718,0.717884521,0.723745933,0.720837082,0.724360816,0.726508962,0.735458077,0.731235795,0.736065879,0.732750467,0.745426816,0.744252513,0.76417926,0.762805083,0.767207475
8,0.433782691,0.419267485,0.447510047,0.45172965,0.433856412,0.483219267,0.466370632,0.489511874,0.460375767,0.50287816,0.522234458,0.5193943,0.523699485,0.526529681,0.477345837,0.499957894,0.544917513,0.545084474,0.52601717,0.541898478,0.555146428,0.572464912,0.569612672,0.583891635,0.569870717,0.570665539,0.462304691,0.583691566,0.569725843,0.576390112,0.571005504,0.581376617,0.584589168,0.581165246,0.58477394,0.586206881,0.592386298,0.587912002,0.605727614,0.604664086,0.576033215,0.581401521,0.582456059,0.584061164,0.601461984,0.601185837,0.620155596,0.606908063,0.606045484,0.617786158,0.59988766,0.601746835,0.614303655,0.617555425,0.613936162,0.603533346,0.615722932,0.630546628,0.64302871,0.644187425,0.650920407,0.676195292,0.686399159,0.681252782,0.650434652,0.664124858,0.667874065,0.656357134,0.667485209,0.674385513,0.672362416,0.67531309,0.670940105,0.684374678,0.690600681,0.673999115,0.658172317,0.675526947,0.679114122,0.693638701,0.679160988,0.6968064,0.692610705,0.69131133,0.691346908,0.703197572,0.703573936,0.709376376,0.707514617,0.717555812,0.713362137,0.72104737,0.724472854,0.723357389,0.743386263,0.736935062,0.735371077,0.745777713,0.745189245,0.747050219,0.767373001,0.758811223,0.756204282
24,0.452523475,0.440666831,0.45852463,0.489094615,0.466096463,0.51977809,0.499306871,0.527207092,0.484767479,0.536850414,0.551052388,0.548791387,0.559759365,0.557984299,0.501404115,0.499522155,0.575401156,0.571934522,0.569156589,0.564455951,0.589106102,0.594425047,0.595803265,0.612383223,0.606834043,0.608049158,0.581014079,0.610258849,0.602661028,0.60457391,0.58111556,0.614472972,0.618577131,0.617264574,0.617695521,0.621943229,0.625230185,0.642209525,0.634834441,0.629690644,0.606799,0.606725184,0.612118251,0.6149488,0.620544627,0.623353352,0.642055083,0.628576539,0.636033271,0.650372572,0.626296804,0.628850909,0.639104452,0.645350512,0.643945043,0.625769668,0.641999536,0.659096967,0.670802179,0.672652215,0.681404447,0.699904828,0.571750766,0.695526504,0.731298347,0.685527988,0.69086638,0.68586945,0.691815454,0.696874438,0.701627754,0.694984359,0.639814847,0.710653101,0.71003275,0.703936032,0.699726445,0.702306465,0.702375381,0.678603946,0.702919052,0.720946656,0.715691844,0.713187764,0.714518083,0.722772917,0.725078781,0.732720209,0.733535785,0.735864542,0.740228256,0.743320284,0.742743942,0.746191935,0.751771314,0.75474935,0.756949612,0.764140415,0.763760038,0.767645601,0.783173975,0.781490606,0.778247935
24,0.457063841,0.442323112,0.438446265,0.489766868,0.465988065,0.518918416,0.498826435,0.5264773,0.480354284,0.537317409,0.547099259,0.55184877,0.556955584,0.55903088,0.487086006,0.50959387,0.574265294,0.573333857,0.553685864,0.56558833,0.583368797,0.594012338,0.594372521,0.612724164,0.605256663,0.607948618,0.580623569,0.609930653,0.600227887,0.603641381,0.590067561,0.614008122,0.615618501,0.616357507,0.619039273,0.619329219,0.623962072,0.62600402,0.634683156,0.630572076,0.602873177,0.608008079,0.614654714,0.616905379,0.619786381,0.62462415,0.637195148,0.626270333,0.636492117,0.648493366,0.628963458,0.625864867,0.641932613,0.646634955,0.643492104,0.631952471,0.639105104,0.659399721,0.669112294,0.64831707,0.682766323,0.697911398,0.571750766,0.689194422,0.691794032,0.688687026,0.691163246,0.684618611,0.6906144,0.695801092,0.697886116,0.7022101,0.638954222,0.702465162,0.714818335,0.704823258,0.702426729,0.701876068,0.704887411,0.693943363,0.702790248,0.715422523,0.715183053,0.711438926,0.714400594,0.727607966,0.728267072,0.733247635,0.733426738,0.742067025,0.74865704,0.750450976,0.74364074,0.745692895,0.761304728,0.753040454,0.757021581,0.764877957,0.763712143,0.761940867,0.793790269,0.777200086,0.78469131
48,0.509883543,0.475106444,0.490305213,0.542981827,0.509092508,0.566546976,0.543346576,0.578110806,0.495951858,0.581461603,0.592134556,0.58115389,0.603220728,0.602911785,0.495795016,0.519695885,0.620356385,0.616715359,0.59697341,0.600378487,0.629383872,0.624459873,0.626704526,0.656057889,0.65478951,0.656742666,0.549896487,0.659987081,0.638370944,0.639682905,0.650894116,0.660467218,0.661937919,0.660026252,0.666595683,0.658515737,0.665321087,0.668814919,0.673835472,0.661317163,0.633680655,0.640161853,0.650783307,0.657465189,0.648226567,0.654198957,0.667896256,0.664035703,0.678571944,0.690413835,0.669836199,0.669350754,0.693402124,0.687886312,0.683922488,0.663234415,0.673095439,0.697161017,0.704569368,0.695832672,0.725662331,0.729201337,0.716154756,0.73176865,0.707214221,0.725439614,0.724932532,0.724407216,0.562459092,0.728633622,0.733870905,0.737505335,0.689354835,0.738963764,0.742525141,0.740949568,0.738935213,0.739521796,0.738997571,0.717624806,0.738576314,0.752584928,0.751263031,0.751343576,0.749336727,0.765086676,0.750810471,0.771808056,0.767452067,0.78040093,0.777342984,0.784164958,0.775974472,0.77918476,0.783725359,0.782438618,0.787340195,0.795355425,0.790235304,0.793653034,0.805101849,0.808536077,0.809597411
48,0.520512871,0.475366941,0.522234994,0.543973234,0.506770546,0.566669884,0.541733474,0.578887343,0.509942269,0.583446419,0.589180044,0.587626537,0.598769472,0.602935715,0.504904322,0.535505854,0.617527527,0.616461584,0.604794467,0.603057595,0.625917886,0.625033014,0.630848306,0.655971458,0.649728011,0.656255611,0.439371065,0.660212799,0.635801892,0.639834128,0.650481734,0.656908672,0.663269272,0.663527249,0.667715307,0.659441898,0.666874663,0.674234596,0.673480419,0.663738106,0.62922988,0.640304042,0.656142418,0.65831829,0.652132734,0.653905468,0.669576096,0.664711068,0.67407396,0.69253152,0.663292719,0.667043647,0.681707027,0.686757827,0.68457885,0.660984635,0.673602615,0.694213387,0.700203918,0.693530124,0.724972938,0.735643732,0.126179886,0.736639916,0.710554016,0.712444347,0.723827378,0.726537989,0.572896382,0.725537966,0.732737693,0.737529744,0.748759707,0.73646243,0.739057634,0.742658335,0.745702011,0.738677704,0.738244827,0.703300417,0.737611706,0.749447567,0.744990863,0.749012342,0.747906818,0.757799963,0.746445709,0.765333503,0.768369087,0.77577996,0.775990198,0.776757189,0.776385716,0.778560937,0.785442132,0.782121616,0.787894613,0.778318108,0.793255451,0.795400102,0.806799801,0.807928825,0.804075998
96,0.566026222,0.52304191,0.550791869,0.621369664,0.589150785,0.639853885,0.612678336,0.647254477,0.56261497,0.649481983,0.663020302,0.645881877,0.670058544,0.668640785,0.573822655,0.581968899,0.681587292,0.679607336,0.65760802,0.661003767,0.692642228,0.673127715,0.676346759,0.718360177,0.7232603,0.72884947,0.725673648,0.718257226,0.692111753,0.695471802,0.713379638,0.71772544,0.723517899,0.725658329,0.730998224,0.725713669,0.730754644,0.713013108,0.729603967,0.720079853,0.686047141,0.684964719,0.719857419,0.722410542,0.694263335,0.69570421,0.724687658,0.722035784,0.749696908,0.758596908,0.722952334,0.723164393,0.73829675,0.741438408,0.740543148,0.719499357,0.719367097,0.758733638,0.755405696,0.751861264,0.778818979,0.781231788,0.60767829,0.779280361,0.764472466,0.766991508,0.770969036,0.788690228,0.613027603,0.774657229,0.788316757,0.791927301,0.624412133,0.786367099,0.785603419,0.802181728,0.808893416,0.798362046,0.795653465,0.788300744,0.793106038,0.803953271,0.796417368,0.800040317,0.801773606,0.819905367,0.81542915,0.823141885,0.823310539,0.835693183,0.847036018,0.833668953,0.825016847,0.82494679,0.829884762,0.830427889,0.838227187,0.858772397,0.846323792,0.846395456,0.858688184,0.851608899,0.849602116
96,0.556440141,0.525434688,0.571452706,0.619839893,0.578488029,0.638016655,0.614106519,0.647494596,0.570865467,0.651516941,0.657429912,0.656272493,0.6671958,0.667372969,0.560814481,0.576409266,0.682150552,0.680252162,0.662404234,0.664486696,0.685543414,0.675094218,0.677373753,0.717533165,0.728759803,0.73015411,0.743434551,0.709969318,0.694191193,0.6954845,0.714936482,0.720209024,0.719589338,0.72837602,0.729340145,0.72933143,0.730564026,0.735658602,0.727612266,0.722228852,0.682550463,0.685392976,0.72224429,0.721956502,0.694367337,0.696873983,0.728606698,0.721184089,0.750473943,0.758215822,0.725087635,0.719829434,0.738797815,0.738077853,0.739876692,0.712398647,0.718848853,0.759790304,0.75775443,0.756152002,0.774999311,0.782607898,0.60767829,0.777903831,0.78250336,0.766831318,0.767050973,0.788371513,0.619678143,0.775563892,0.788099767,0.783659307,0.65267125,0.784802459,0.786474614,0.801818095,0.794692833,0.797840433,0.795226208,0.806138954,0.793552951,0.800962397,0.796879703,0.798980294,0.798409731,0.821745286,0.812641489,0.822849625,0.823179076,0.830093678,0.841924518,0.823255205,0.822848736,0.824934916,0.826722828,0.821231853,0.837357987,0.845387108,0.846566301,0.843939357,0.853806681,0.851368328,0.851027724
168,0.613817794,0.556892903,0.585179734,0.670385467,0.624408788,0.682136392,0.651147993,0.694105083,0.604014081,0.696274268,0.75226445,0.703102781,0.678139669,0.71419748,0.657802905,0.642103221,0.317286631,0.690342023,0.703916884,0.697444003,0.74428461,0.686510924,0.705669589,0.756775989,0.773705038,0.780654877,0.665030396,0.757255691,0.734184497,0.735457854,0.766566737,0.755457628,0.762592087,0.771354812,0.773015644,0.767800229,0.775272889,0.757325902,0.752869354,0.747193927,0.718752001,0.71831732,0.767363862,0.767581141,0.721346452,0.725980102,0.767627558,0.796949323,0.795641488,0.796196511,0.762020661,0.73628431,0.774356396,0.787033302,0.778730283,0.756147783,0.751648676,0.800266344,0.79498028,0.796106516,0.81539767,0.81841945,0.314965088,0.815213259,0.809209944,0.806546983,0.803382454,0.837403807,0.691850617,0.806884154,0.826612991,0.82630164,0.520528743,0.819475821,0.818102681,0.843804312,0.840728547,0.841101389,0.835090258,0.841855916,0.832803394,0.839587362,0.844534596,0.838045784,0.837841779,0.863373539,0.855836001,0.862540024,0.863742774,0.872168776,0.884361656,0.884110818,0.861235087,0.862294598,0.857379886,0.856266214,0.876521311,0.88722495,0.881197796,0.883465878,0.88834073,0.883897453,0.887686608
168,0.613817794,0.556892903,0.604298338,0.672389187,0.624408788,0.689595425,0.659847159,0.691380669,0.604014081,0.697223269,0.706938738,0.703102781,0.710479488,0.71419748,0.655840182,0.656380324,0.723898569,0.722858061,0.702507496,0.700317116,0.74428461,0.70576052,0.708264303,0.760453819,0.783162077,0.779638493,0.686757664,0.764546041,0.733530233,0.733262417,0.770721329,0.75598151,0.765279429,0.770793013,0.772070376,0.776039652,0.776690482,0.777533586,0.767299939,0.760340962,0.715157793,0.717720251,0.764671171,0.766910504,0.727144212,0.723791734,0.767627558,0.762039712,0.79727511,0.798062514,0.762020661,0.765093142,0.774356396,0.779380288,0.778459661,0.755092063,0.734435377,0.801189704,0.801407615,0.797907386,0.81539767,0.818120543,0.314965088,0.815894853,0.816806849,0.798094388,0.802830831,0.837740484,0.676952017,0.80840075,0.827605973,0.824336177,0.679609937,0.818733263,0.82031467,0.843737212,0.834018705,0.840956988,0.834726669,0.840212511,0.833223878,0.840980027,0.835789468,0.837692702,0.839289175,0.860798165,0.848112478,0.860953704,0.863614725,0.873845523,0.886321941,0.885641319,0.862885012,0.863554907,0.859975417,0.861652517,0.876004444,0.889529007,0.884157227,0.882156915,0.888743619,0.88495394,0.884204825
R^2,0.9872,0.9974,0.9045,0.999,0.9942,0.9988,0.9978,0.999,0.9839,0.9991,0.986,0.9956,0.9876,0.9993,0.9735,0.9869,0.1144,0.9861,0.9942,0.9962,0.9972,0.9906,0.9989,0.9987,0.9973,0.9993,0.5133,0.9964,0.9988,0.9992,0.9926,0.9991,0.9991,0.9994,0.9991,0.9964,0.999,0.9667,0.9967,0.9955,0.9965,0.9991,0.9968,0.9992,0.9976,0.9993,0.9911,0.9872,0.9969,0.9977,0.9979,0.989,0.9965,0.9984,0.9987,0.9968,0.9862,0.9982,0.997,0.9904,0.9986,0.9957,0.2748,0.9922,0.9172,0.9939,0.999,0.9992,0.08751,0.9981,0.9983,0.9974,0.1,0.9976,0.9986,0.9993,0.9904,0.9989,0.9984,0.9569,0.9987,0.9969,0.998,0.9989,0.9988,0.9972,0.9885,0.9985,0.9992,0.9967,0.9936,0.9967,0.9986,0.999,0.9944,0.9954,0.9991,0.9831,0.9964,0.9963,0.9927,0.9982,0.9926
Rate Constant,0.009978,0.01095,0.0061,0.01173,0.01182,0.01136,0.01079,0.01247,0.008646,0.01106,0.0065,0.008735,0.01364,0.01071,0.001,0.001,0.06077,0.01363,0.0119,0.009236,0.009226,0.01283,0.0117,0.0112,0.0093,0.01079,0.006698,0.01101,0.01082,0.01033,0.01028,0.0127,0.01174,0.01144,0.01208,0.01045,0.01082,0.009807,0.01224,0.0107,0.01006,0.01149,0.01036,0.01053,0.01074,0.01181,0.008546,0.007046,0.009651,0.01176,0.01071,0.01256,0.01324,0.0112,0.012,0.01043,0.01489,0.01003,0.01009,0.008447,0.01183,0.01055,0.02454,0.008386,0.00527,0.01018,0.01091,0.008991,0.04525,0.01014,0.01014,0.01005,9.28E-08,0.00927,0.01025,0.01027,0.01098,0.00967,0.009857,0.00674,0.009941,0.009301,0.008443,0.01008,0.009689,0.00942,0.007649,0.009614,0.00941,0.009464,0.009067,0.006572,0.008841,0.009162,0.009389,0.008197,0.00856,0.009133,0.008164,0.008659,0.007872,0.00901,0.008814
bw,0.048,,,,,,,,,,,,,,,,,,,,,,,,,,,,,,,,,,,,,,,,,,,,,,,,,,,,,,,,,,,,,,,,,,,,,,,,,,,,,,,,,,,,,,,,,,,,,,,,,,,,,,
