time,FGERAFK5,VcLLHEK6,LcAIPNLR7,QTALAELVK8,EKALVSSVR9,AFKAWAVAR10,ccSGSLVER11,KQTALAELVK12,LATDLTKVNK13,LVQEVTDFAK14,cSSMQKFGER15,cSSMQKFGER16,YNDLGEQHFK17,YNDLGEQHFK18,kQTALAELVK19,kQTALAELVK20,LAKKYEATLEK21,LAKKYEATLEK22,HPDYSVSLLLR23,HPDYSVSLLLR24,KQTALAELVKHK25,LQTccDKPLLK26,LQTccDKPLLK27,YMcENQATISSK28,APQVSTPTLVEAAR29,APQVSTPTLVEAAR30,TcVADESAANcDK31,YmcENQATISSK32,RHPDYSVSLLLR33,RHPDYSVSLLLR34,ENYGELADccTK35,QTALAELVKHKPK36,QTALAELVKHKPK37,QIKKQTALAELVK38,QIKKQTALAELVK39,LGEYGFQNAILVR40,LGEYGFQNAILVR41,GLVLIAFSQYLQK42,MKcSSMQKFGER43,MKcSSMQKFGER44,NLVKTNcDLYEK45,NLVKTNcDLYEK46,LDGVKEKALVSSVR47,LDGVKEKALVSSVR48,LQTccDKPLLKK49,LQTccDKPLLKK50,mKcSSMQKFGER51,mKcSSMQKFGER52,FGERAFKAWAVAR53,FGERAFKAWAVAR54,VGTKccTLPEDQR55,VGTKccTLPEDQR56,KQTALAELVKHKPK57,KQTALAELVKHKPK58,KQTALAELVKHKPK59,DTcFSTEGPNLVTR60,DVFLGTFLYEYSR61,LSQTFPNADFAEITK62,RHPDYSVSLLLRLAK63,RHPDYSVSLLLRLAK64,QRMKcSSMQKFGER65,TVMDDFAQFLDTccK66,TVmDDFAQFLDTccK68,TVmDDFAQFLDTccK69,VcLLHEKTPVSEHVTK70,VcLLHEKTPVSEHVTK71,APQVSTPTLVEAARNLGR72,RPcFSALTVDETYVPK73,RPcFSALTVDETYVPK74,ENPTTFMGHYLHEVAR75,ENPTTFMGHYLHEVAR76,SLHTLFGDKLcAIPNLR78,SLHTLFGDKLcAIPNLR79,YTQKAPQVSTPTLVEAAR80,YTQKAPQVSTPTLVEAAR81,YTQKAPQVSTPTLVEAAR82,AADKDTcFSTEGPNLVTR83,AADKDTcFSTEGPNLVTR84,AADKDTcFSTEGPNLVTR85,LGEYGFQNAILVRYTQK86,TPVSEHVTKccSGSLVER87,TPVSEHVTKccSGSLVER88,TPVSEHVTKccSGSLVER89,VNKEccHGDLLEcADDR90,cSYDEHAKLVQEVTDFAK91,cSYDEHAKLVQEVTDFAK92,cSYDEHAKLVQEVTDFAK93,QTALAELVKHKPKATAEQLK94,EccHGDLLEcADDRAELAK95,EccHGDLLEcADDRAELAK96,AADKDTcFSTEGPNLVTRcK97,AADKDTcFSTEGPNLVTRcK98,RPcFSALTVDETYVPKEFK99,RPcFSALTVDETYVPKEFK100,YTQKAPQVSTPTLVEAARNLGR101,LSQTFPNADFAEITKLATDLTK102,TcVADESAANcDKSLHTLFGDK103,TcVADESAANcDKSLHTLFGDK104,GLVLIAFSQYLQKcSYDEHAK105,TNcDLYEKLGEYGFQNAILVR106,TNcDLYEKLGEYGFQNAILVR107
0,0.378618173,0.381874174,0.433327304,0.405481982,0.389136317,0.440849125,0.420870331,0.441885911,0.419939305,0.458481014,0.471657981,0.466551793,0.483972892,0.483013432,0.465981932,0.467156345,0.496617329,0.497271901,0.478211365,0.499790251,0.508996619,0.518807772,0.523056603,0.527442238,0.537406044,0.520907933,0.538647824,0.528152877,0.522420871,0.534544468,0.517011042,0.534171969,0.538174786,0.534742279,0.536464321,0.536312074,0.541853944,0.548989402,0.548304831,0.547226,0.536292912,0.533124424,0.536963468,0.536211545,0.552500328,0.550744009,0.546275945,0.544093202,0.558950076,0.565120081,0.545933958,0.549211793,0.560276257,0.565105381,0.566084511,0.545917189,0.557191766,0.579059845,0.593496957,0.596827174,0.597122251,0.609029145,0.630736895,0.651128657,0.614180696,0.617211484,0.605822805,0.623943154,0.619542763,0.616842383,0.626685602,0.637668614,0.637252547,0.623090078,0.625145987,0.619464675,0.619576203,0.601261084,0.620102379,0.64025154,0.639415449,0.632235345,0.633075641,0.636480742,0.645444903,0.652546045,0.649973374,0.667476529,0.657268951,0.660424906,0.665674672,0.668879184,0.680136357,0.685161632,0.682441746,0.698106268,0.685448773,0.687617781,0.712893414,0.708143775,0.694606776
0,0.377979215,0.387320184,0.460667823,0.404138036,0.38710533,0.440177999,0.419561613,0.443659487,0.429175407,0.460264232,0.468731298,0.470667516,0.482422148,0.481553553,0.467079964,0.47010983,0.498202383,0.496070049,0.485511682,0.503178544,0.518372591,0.52410898,0.521638315,0.526225167,0.529742963,0.522081783,0.538801334,0.522737902,0.532040709,0.534173705,0.511291317,0.532101728,0.536439052,0.534134008,0.533789607,0.544441253,0.541670823,0.579318014,0.550933317,0.550796249,0.531735249,0.540703952,0.528247135,0.537600881,0.547837763,0.549798207,0.544860251,0.540181678,0.551583308,0.567838735,0.545040976,0.547799959,0.56176499,0.564352787,0.559722801,0.555593282,0.562411984,0.580193856,0.586846371,0.597113953,0.589943459,0.616099442,0.624818046,0.640589458,0.606890616,0.611712974,0.60635855,0.622091514,0.621633624,0.619507884,0.626448383,0.638682164,0.635975289,0.620996762,0.631141992,0.623313999,0.623584724,0.60643137,0.619981844,0.645821445,0.633559612,0.630290627,0.630894344,0.640717023,0.660981377,0.653083835,0.654179921,0.658074973,0.651647967,0.666516112,0.663634153,0.664077834,0.686530226,0.691545962,0.681370931,0.68618334,0.682966359,0.678487872,0.713279515,0.702972598,0.710605548
8,0.399523295,0.404989386,0.412651097,0.433183826,0.415242063,0.464907492,0.442813436,0.47150358,0.438341479,0.483727862,0.49394727,0.480199304,0.502353912,0.500619156,0.462755956,0.486232593,0.523173196,0.524112967,0.515650019,0.511319556,0.526592671,0.540314534,0.537712711,0.548328387,0.538659923,0.544786035,0.456580442,0.552432608,0.546043083,0.552643264,0.536021053,0.556134019,0.55963809,0.554013071,0.558673628,0.56871806,0.563823528,0.594739383,0.566238447,0.5619291,0.553998754,0.55249301,0.560427001,0.558506971,0.563110946,0.56612359,0.564845509,0.56191161,0.578972009,0.591957826,0.564177544,0.563962598,0.584444967,0.586510323,0.586140627,0.568124382,0.56236028,0.599457744,0.613306322,0.604335981,0.615613968,0.638883974,0.641297507,0.628732148,0.630878387,0.630106932,0.624398896,0.629281179,0.637974661,0.638965398,0.634028092,0.64884114,0.650554851,0.637449909,0.647032487,0.638630348,0.639017957,0.630944767,0.637406459,0.662122863,0.648619137,0.645460984,0.64968222,0.649630143,0.664605151,0.667423351,0.66532069,0.678810745,0.678218403,0.673404913,0.67980139,0.681253314,0.692639432,0.688718848,0.694620788,0.715528219,0.699299698,0.697481297,0.720400846,0.719323067,0.723555122
8,0.401370551,0.404889116,0.437465684,0.436061118,0.422892977,0.466426412,0.442822914,0.470312114,0.448862641,0.483070981,0.495938325,0.491541585,0.502221981,0.50528271,0.462829116,0.483655134,0.522382735,0.522044662,0.507354977,0.513798069,0.533923676,0.540539448,0.537416073,0.548716757,0.545074346,0.543578735,0.45781688,0.548767077,0.545108043,0.550994948,0.545283339,0.554943544,0.557423357,0.553785489,0.556471841,0.557353549,0.563894685,0.56242473,0.567337089,0.566267518,0.545970554,0.550076727,0.556463615,0.55711342,0.567529146,0.565831085,0.565874389,0.560460444,0.576497688,0.589866295,0.563746184,0.566129496,0.58648137,0.585754237,0.58486857,0.571506081,0.585322628,0.598009558,0.610335478,0.618269438,0.607690926,0.634166686,0.641304899,0.614028666,0.626240585,0.630362282,0.621371596,0.630788735,0.635775525,0.634459028,0.636089987,0.646583308,0.65212003,0.637655743,0.620502685,0.638571666,0.639703147,0.655994578,0.638781257,0.657887992,0.650144286,0.64910168,0.649327274,0.65851228,0.667674765,0.667783442,0.665757079,0.678111172,0.665936189,0.678944973,0.679984158,0.678524696,0.702240967,0.69629356,0.693493878,0.711432857,0.698539693,0.701655826,0.725495518,0.715452945,0.710893286
24,0.429420285,0.424922453,0.445212181,0.468276226,0.447229612,0.49802789,0.472307073,0.502889236,0.46876209,0.512309847,0.519199936,0.516693853,0.53359109,0.531125303,0.487978698,0.481683652,0.547891015,0.54446621,0.545561344,0.535290552,0.561402775,0.560365371,0.561392481,0.573284928,0.573482191,0.574081753,0.557170959,0.572011865,0.574980318,0.575256663,0.551068067,0.582986886,0.586356617,0.585049019,0.584664621,0.59041109,0.591719362,0.609974437,0.592766689,0.58813619,0.573978061,0.574781221,0.579882659,0.582590449,0.585318097,0.58655494,0.586605693,0.585731744,0.60104863,0.617017246,0.586534607,0.591393676,0.605235631,0.609762687,0.610468234,0.592200421,0.609718398,0.621805648,0.634986456,0.639294777,0.635824467,0.654483834,0.65411964,0.691941355,0.645729197,0.650402819,0.64530313,0.651798899,0.655190477,0.659438465,0.654391695,0.669647642,0.67128749,0.661975253,0.657178498,0.660032382,0.657516759,0.640327673,0.658043313,0.680061242,0.669322913,0.667645508,0.667992206,0.673837624,0.679489918,0.686453131,0.686271902,0.691699347,0.686702679,0.694478527,0.694393446,0.697529823,0.704660628,0.708965766,0.710671272,0.72198205,0.713562786,0.717267716,0.737360268,0.734765194,0.730914859
24,0.430393787,0.426837832,0.426324469,0.468713892,0.449612543,0.497095479,0.471525277,0.502276933,0.465697337,0.512752346,0.517370364,0.520372654,0.531510469,0.532747782,0.472360684,0.494478198,0.547308864,0.545822634,0.530863493,0.53642959,0.55976671,0.559914937,0.559825284,0.573534935,0.574349325,0.574078675,0.558140309,0.571539621,0.572429395,0.574658569,0.561620322,0.582742457,0.583324739,0.584488905,0.585725828,0.588412373,0.590567829,0.594125298,0.592592341,0.589681819,0.570797226,0.577265579,0.582904811,0.584578222,0.583668009,0.587432008,0.582518357,0.585733027,0.602496216,0.614453195,0.589928915,0.58795224,0.607719667,0.611144364,0.609802175,0.59509014,0.606406285,0.622248202,0.633024658,0.618769134,0.636915091,0.653203322,0.642240238,0.655379036,0.647936556,0.651162851,0.643608885,0.650718249,0.65315554,0.656015098,0.661254674,0.661221794,0.677618763,0.663189985,0.663438938,0.65944175,0.660729861,0.653029771,0.65781991,0.674320066,0.668705687,0.664906378,0.668505003,0.67978041,0.680836581,0.686356774,0.687498121,0.697142809,0.697743121,0.703141715,0.695324236,0.697271167,0.716165367,0.70816635,0.71088006,0.723044671,0.712901187,0.710645834,0.749622182,0.730049835,0.739222487
48,0.466521067,0.457162469,0.477068518,0.516925846,0.486758234,0.539888119,0.513013295,0.548223471,0.483880454,0.552191722,0.556873684,0.546272213,0.572036118,0.572385252,0.479639082,0.50017499,0.587626245,0.583663998,0.570622655,0.568269261,0.596474555,0.587946501,0.58872109,0.612649657,0.618667387,0.615875456,0.524051945,0.617044063,0.605832212,0.605749183,0.609526111,0.627006751,0.625118921,0.621603581,0.627651949,0.620023702,0.626977033,0.631586124,0.628349223,0.617036826,0.598882885,0.605206145,0.615669511,0.620560021,0.610675204,0.614227902,0.623981341,0.621109389,0.638750741,0.65150632,0.626375275,0.625884712,0.65790338,0.647128772,0.645364967,0.622291451,0.636844467,0.654725495,0.664691922,0.654693783,0.675401362,0.680314911,0.68192726,0.662720548,0.683133303,0.681766261,0.678473901,0.521887807,0.680925361,0.689456424,0.692282354,0.695986956,0.698247009,0.693659876,0.694161862,0.691522601,0.690419752,0.670752117,0.689363361,0.705107498,0.701813181,0.701938517,0.700334611,0.712532572,0.701563041,0.719571288,0.715727761,0.731925433,0.718027491,0.727508446,0.724485058,0.727247266,0.734381083,0.734079199,0.736078174,0.751969226,0.734244132,0.738845444,0.751345932,0.757807674,0.759318089
48,0.465824716,0.45808548,0.51009504,0.517487683,0.489205187,0.539889537,0.51106079,0.549311776,0.499317746,0.554247836,0.553927099,0.554230592,0.568050723,0.572551583,0.490087042,0.516508213,0.58469817,0.583067723,0.57746483,0.571705508,0.596576539,0.589110284,0.593304899,0.61300924,0.611527645,0.615238032,0.418159289,0.617292861,0.60491972,0.606290892,0.611974048,0.625678711,0.62618816,0.625162644,0.628695384,0.621509018,0.628388072,0.637234472,0.627770979,0.618858812,0.59457026,0.605161679,0.620344283,0.620779195,0.613993748,0.613973869,0.626613934,0.621318361,0.633587153,0.653733918,0.619334744,0.623775823,0.649926571,0.645873618,0.646790881,0.621156792,0.636486313,0.651605107,0.66021029,0.658075473,0.676065992,0.687746639,0.688444737,0.664004143,0.668976219,0.680119585,0.679342203,0.531105075,0.678206735,0.687142443,0.695754244,0.69179036,0.696038505,0.695465409,0.699873888,0.690427331,0.688692382,0.666057951,0.688314104,0.701056964,0.693348909,0.699167391,0.698699267,0.703743515,0.693900467,0.713558971,0.718427101,0.726654293,0.718890076,0.722446455,0.724589763,0.726546582,0.736974208,0.733912358,0.737193345,0.728544524,0.738744649,0.742504805,0.755790018,0.756458311,0.753363092
96,0.527295458,0.502200103,0.531566164,0.589104581,0.562366799,0.607113866,0.577352039,0.612471104,0.540798184,0.615557179,0.624536492,0.605610453,0.634352548,0.633398448,0.552601961,0.55488328,0.643596906,0.643370677,0.623366779,0.626646051,0.653675333,0.633610975,0.635539304,0.671149305,0.678376959,0.68193717,0.675130008,0.672784357,0.655514584,0.657547579,0.669746426,0.677417417,0.681948174,0.683100796,0.687829125,0.683709658,0.687862143,0.672998466,0.680969828,0.672931599,0.646962926,0.647529975,0.678176752,0.679871468,0.654003481,0.653715827,0.676420921,0.675090804,0.705322553,0.714597172,0.677460469,0.67765657,0.696718608,0.696902592,0.697819326,0.676980506,0.680011784,0.711917462,0.71145719,0.706096855,0.728959883,0.730563991,0.729203169,0.721297249,0.720716265,0.725035711,0.737245851,0.56326601,0.726318617,0.740165481,0.745373312,0.740417425,0.738303417,0.751220767,0.760130158,0.746570319,0.744113178,0.739774355,0.741284447,0.755012283,0.747839145,0.747958633,0.749794028,0.764420846,0.761290456,0.768979925,0.769225689,0.783961149,0.785823969,0.774627739,0.771419598,0.770850717,0.779589844,0.781568621,0.784625168,0.808871743,0.790269863,0.790102892,0.80792448,0.799967355,0.79792009
96,0.525923486,0.504809938,0.55185352,0.587477315,0.551361839,0.605200619,0.579368546,0.612461717,0.548622738,0.617234337,0.617751174,0.615023933,0.63213829,0.631980502,0.535991796,0.549041388,0.645088169,0.643153432,0.631471527,0.628227688,0.648578241,0.635040489,0.636707387,0.670535525,0.685180321,0.683643385,0.690243053,0.664356517,0.657933911,0.657433217,0.669271059,0.679876449,0.678000613,0.686235808,0.68579302,0.687321103,0.687458755,0.695749408,0.678767781,0.674825502,0.644881969,0.647426928,0.681275295,0.679340831,0.652816134,0.654481573,0.676519129,0.675052831,0.705034395,0.714721647,0.6790543,0.674174212,0.697922745,0.693344271,0.697243585,0.668603455,0.67773482,0.712983496,0.714684977,0.712980619,0.721140852,0.731607339,0.729434431,0.738047606,0.721370342,0.72106304,0.736378934,0.568598926,0.727605853,0.740511773,0.7339744,0.737966004,0.739443231,0.750819536,0.745299426,0.746161822,0.74315981,0.759493609,0.741404855,0.751442726,0.744512412,0.746957847,0.746769797,0.768305173,0.757373346,0.768662311,0.769151562,0.776212558,0.785453205,0.759989798,0.769605803,0.771293633,0.776212855,0.771068928,0.783825315,0.796049895,0.791638747,0.787372044,0.802523673,0.799200555,0.798586133
168,0.559514489,0.534641527,0.56160655,0.637082012,0.5957442,0.649326614,0.616201461,0.658951168,0.580126452,0.660800635,0.75226445,0.580126452,0.656872745,0.580126452,0.630967832,0.62140056,0.287154332,0.661926123,0.67105781,0.659757746,0.705150755,0.645210012,0.665849722,0.712188275,0.728243385,0.734031184,0.61700968,0.715126571,0.696173068,0.695595525,0.727211317,0.717873544,0.720492894,0.728279218,0.729417142,0.724372886,0.731515467,0.712282698,0.705431076,0.717418147,0.683141899,0.678582981,0.724850055,0.724269379,0.678434293,0.683745529,0.72074634,0.769681249,0.750909265,0.750136852,0.715717667,0.691483434,0.73316222,0.735222776,0.736355117,0.711876612,0.709215993,0.753333326,0.751697971,0.751335377,0.766650819,0.770805983,0.768412152,0.760874124,0.762940255,0.757115629,0.787162311,0.637110293,0.758698162,0.778424898,0.779492449,0.773138287,0.771828117,0.793600593,0.793338936,0.790661425,0.784669087,0.793996305,0.78249951,0.790614722,0.796027308,0.787396465,0.788019953,0.811988288,0.802105344,0.811260925,0.813039154,0.82069154,0.82878583,0.827721359,0.81035316,0.81152348,0.809704541,0.808041948,0.825476154,0.842235298,0.828142245,0.831413246,0.835937984,0.834901579,0.840038502
168,0.559514489,0.534641527,0.580962452,0.638678621,0.5957442,0.655268802,0.623886687,0.655593892,0.580126452,0.661611533,0.667033699,0.580126452,0.673333808,0.580126452,0.622066564,0.620705394,0.685302122,0.685029752,0.669487833,0.663153587,0.705150755,0.665112041,0.666394959,0.713458717,0.739281873,0.732696186,0.648878292,0.718513503,0.695402318,0.693579922,0.72302107,0.716003577,0.723456989,0.727942132,0.72880619,0.731916942,0.732899388,0.727508064,0.718441817,0.712208939,0.677002954,0.678330987,0.721682934,0.723932211,0.685531899,0.680468823,0.72074634,0.714610218,0.753022776,0.752939201,0.715717667,0.718956613,0.73316222,0.735699635,0.735830171,0.710944772,0.690727063,0.754496242,0.759210046,0.753672432,0.766650819,0.769911251,0.763597686,0.768936426,0.753136395,0.756499277,0.787392389,0.621288053,0.760536466,0.780739018,0.776596277,0.772730667,0.77369162,0.793973109,0.784474498,0.790602801,0.784549504,0.793151305,0.782961441,0.791523474,0.785282446,0.787118922,0.789255921,0.807974548,0.795938051,0.809200089,0.813677436,0.824117024,0.830858459,0.829714904,0.812478757,0.813004344,0.811003044,0.81552005,0.824837414,0.844615351,0.832163445,0.829386216,0.842336798,0.835549517,0.833780992
R^2,0.9977,0.9974,0.8844,0.9989,0.994,0.9989,0.9978,0.999,0.9873,0.999,0.9548,0.9953,0.9947,0.9991,0.967,0.9862,0.08274,0.99,0.9928,0.9958,0.9977,0.9887,0.999,0.9989,0.9954,0.9992,0.4728,0.9966,0.9983,0.999,0.9934,0.9991,0.999,0.9993,0.9991,0.9947,0.999,0.961,0.9968,0.9979,0.9958,0.9988,0.9961,0.9991,0.9972,0.9993,0.9974,0.9732,0.9961,0.997,0.9976,0.9884,0.9945,0.9991,0.9985,0.9963,0.9845,0.9978,0.9963,0.989,0.9969,0.9949,0.9879,0.8859,0.993,0.9988,0.999,0.1956,0.9971,0.998,0.9954,0.9963,0.998,0.9991,0.9829,0.9986,0.9979,0.9588,0.9986,0.9959,0.9963,0.9986,0.9986,0.9959,0.9839,0.998,0.999,0.9951,0.9912,0.9934,0.9983,0.999,0.9917,0.9914,0.9987,0.9729,0.9944,0.9952,0.9844,0.9975,0.9882
Rate Constant,0.01144,0.01094,0.006384,0.01086,0.01118,0.01039,0.01017,0.01135,0.008982,0.0101,0.003088,0.008337,0.0115,0.009816,0.0001,0.0002,0.06554,0.01169,0.01099,0.009017,0.008024,0.01256,0.01085,0.009788,0.007639,0.009059,0.005904,0.00952,0.01013,0.009347,0.008171,0.01169,0.01033,0.009982,0.01055,0.008911,0.009434,0.009516,0.0112,0.008158,0.00892,0.01099,0.00925,0.009156,0.01038,0.01107,0.008621,0.005277,0.007984,0.01048,0.009549,0.01145,0.01246,0.01025,0.01059,0.009116,0.01537,0.008387,0.008521,0.006265,0.009883,0.00891,0.0067,0.003466,0.008664,0.009812,0.006773,0.04115,0.008428,0.0086,0.008686,0.007754,0.00926,0.008239,0.008872,0.007472,0.007824,0.005377,0.007932,0.007388,0.006477,0.008464,0.008063,0.007538,0.004388,0.007199,0.007031,0.007257,0.006395,0.003851,0.006767,0.007022,0.007397,0.005841,0.006073,0.00435,0.005707,0.006202,0.005385,0.006712,0.006686
bw,0.05,,,,,,,,,,,,,,,,,,,,,,,,,,,,,,,,,,,,,,,,,,,,,,,,,,,,,,,,,,,,,,,,,,,,,,,,,,,,,,,,,,,,,,,,,,,,,,,,,,,,
